[
  {
    "featureType": "administrative",
    "elementType": "labels.icon",
    "stylers": [
      {
        "color": "#a0b8f8"
      }
    ]
  },
  {
    "featureType": "administrative.country",
    "elementType": "geometry.fill",
    "stylers": [
      {
        "color": "#5787b7"
      }
    ]
  },
  {
    "featureType": "administrative.locality",
    "elementType": "geometry.fill",
    "stylers": [
      {
        "color": "#5787b7"
      }
    ]
  },
  {
    "featureType": "administrative.province",
    "elementType": "geometry.fill",
    "stylers": [
      {
        "color": "#5787b7"
      }
    ]
  },
  {
    "featureType": "landscape",
    "elementType": "labels.icon",
    "stylers": [
      {
        "color": "#a0b8f8"
      }
    ]
  },
  {
    "featureType": "landscape.man_made",
    "elementType": "geometry.fill",
    "stylers": [
      {
        "color": "#cfcce1"
      }
    ]
  },
  {
    "featureType": "landscape.natural",
    "elementType": "geometry.fill",
    "stylers": [
      {
        "color": "#bbc4e5"
      }
    ]
  },
  {
    "featureType": "poi",
    "elementType": "labels.icon",
    "stylers": [
      {
        "color": "#a0b8f8"
      }
    ]
  },
  {
    "featureType": "poi.attraction",
    "elementType": "geometry.fill",
    "stylers": [
      {
        "color": "#8b97bd"
      }
    ]
  },
  {
    "featureType": "poi.business",
    "elementType": "geometry.fill",
    "stylers": [
      {
        "color": "#8b97bd"
      }
    ]
  },
  {
    "featureType": "poi.government",
    "elementType": "geometry.fill",
    "stylers": [
      {
        "color": "#8b97bd"
      }
    ]
  },
  {
    "featureType": "poi.medical",
    "elementType": "geometry.fill",
    "stylers": [
      {
        "color": "#8b97bd"
      }
    ]
  },
  {
    "featureType": "poi.park",
    "elementType": "geometry.fill",
    "stylers": [
      {
        "color": "#9ab6db"
      }
    ]
  },
  {
    "featureType": "poi.place_of_worship",
    "elementType": "geometry.fill",
    "stylers": [
      {
        "color": "#0c3259"
      }
    ]
  },
  {
    "featureType": "poi.school",
    "elementType": "geometry.fill",
    "stylers": [
      {
        "color": "#8b97bd"
      }
    ]
  },
  {
    "featureType": "poi.sports_complex",
    "elementType": "geometry.fill",
    "stylers": [
      {
        "color": "#8b97bd"
      }
    ]
  },
  {
    "featureType": "road.arterial",
    "elementType": "labels",
    "stylers": [
      {
        "visibility": "off"
      }
    ]
  },
  {
    "featureType": "road.highway",
    "elementType": "labels",
    "stylers": [
      {
        "visibility": "off"
      }
    ]
  },
  {
    "featureType": "road.local",
    "stylers": [
      {
        "visibility": "off"
      }
    ]
  },
  {
    "featureType": "transit",
    "stylers": [
      {
        "visibility": "off"
      }
    ]
  },
  {
    "featureType": "water",
    "elementType": "geometry.fill",
    "stylers": [
      {
        "color": "#2e6190"
      }
    ]
  }
]